bioguide_id,display_name,party,state,pc0,pc1,pc2,pc3
A000055,Robert B. Aderholt,Republican,AL,21.77522748894351,7.3526861943550825,-0.3048608794894686,-4.269257971897849
B001257,Gus M. Bilirakis,Republican,FL,24.822236566905943,-2.6268454640434578,0.4137331500637611,-1.598268283593124
B000490,"Sanford D. Bishop, Jr.",Democrat,GA,-24.090373620004154,0.7690950678752851,3.7432345109899305,0.004058783812745804
B001260,Vern Buchanan,Republican,FL,21.12922633567068,6.0235052069845505,-1.0950095415166388,-2.9740126342548585
C000059,Ken Calvert,Republican,CA,15.505821249501018,16.28218568013905,-4.115558340789132,4.0051201599883814
C001072,André Carson,Democrat,IN,-25.692996698565697,-1.6586748295902265,-2.0909754154258575,-1.4108246289056563
C001051,John R. Carter,Republican,TX,18.80470052065876,6.534362001642374,-1.1849222470985699,0.5123375311410361
C001066,Kathy Castor,Democrat,FL,-24.86521815867418,0.10620353063482976,2.4295068528211985,-0.9937946237714769
C001080,Judy Chu,Democrat,CA,-26.045025823176694,-3.57065728740852,-4.309888883191462,-1.502294954791477
C001067,Yvette D. Clarke,Democrat,NY,-26.203333978318334,-3.815417882942738,-5.572462861704535,-1.6110025482644381
C001061,Emanuel Cleaver,Democrat,MO,-21.253183094296453,-2.001424109551514,-2.8989044458163336,-0.572591951417574
C000537,James E. Clyburn,Democrat,SC,-25.763333381298278,-0.6678037667462291,0.4858015138401334,-1.782822417731203
C001068,Steve Cohen,Democrat,TN,-23.85008510858215,-0.5837977440027502,1.8670100570036245,-0.59220172712321
C001053,Tom Cole,Republican,OK,14.672343279027833,16.166080544621202,-4.528546701831305,4.0906382641759675
C001059,Jim Costa,Democrat,CA,-19.42688333735434,3.2380858345197736,6.909440677884808,3.632243244086919
C001069,Joe Courtney,Democrat,CT,-23.516477765223804,1.588048839891876,6.05480202261663,1.254385940628151
C001087,"Eric A. ""Rick"" Crawford",Republican,AR,22.578480175932658,5.1086465596395625,-0.7396341261946994,-4.528514950538904
C001063,Henry Cuellar,Democrat,TX,-12.845013119502363,6.467530356503323,7.83118163935456,7.316337554373805
D000096,Danny K. Davis,Democrat,IL,-25.21124404732422,-2.96814350086089,-4.479246988789574,-1.2385838637776352
D000197,Diana DeGette,Democrat,CO,-25.8617191438557,-2.641871446948988,-2.927599604623691,-2.0327639748388875
D000216,Rosa L. DeLauro,Democrat,CT,-25.21860484016529,-0.4396087355124657,1.8997326404469381,-1.5843508694839294
D000616,Scott DesJarlais,Republican,TN,25.902627825367446,-5.2356505421326105,0.9300421570713432,-3.15907397845289
D000600,Mario Diaz-Balart,Republican,FL,14.900936264590438,14.102616987179461,-4.0724574139080945,3.0652608058257784
D000399,Lloyd Doggett,Democrat,TX,-25.46682040006424,-3.636624312704311,-4.077691090726273,-0.7176552786231926
F000459,"Charles J. ""Chuck"" Fleischmann",Republican,TN,16.782595012068928,13.352783324464072,-4.262557640853695,2.662537787889697
F000450,Virginia Foxx,Republican,NC,25.67594727538448,-0.09824644856485673,1.4771692785695962,-4.64094421180112
G000559,John Garamendi,Democrat,CA,-21.668472352670598,-1.3381011771696503,0.2893418146982257,-2.034768601425102
G000565,Paul A. Gosar,Republican,AZ,27.408936663141276,-15.901082331050427,-1.8949312310998556,8.048375432705862
G000546,Sam Graves,Republican,MO,22.941554811492047,3.44673026898657,1.7690899753984548,-5.816496203755718
G000553,Al Green,Democrat,TX,-25.607226271806677,-2.741986171485992,-3.469673036097374,-1.2487430877966794
G000568,H. Morgan Griffith,Republican,VA,21.904654315628378,-0.05779025918543583,-3.775998725274521,2.6756473141189057
G000558,Brett Guthrie,Republican,KY,22.047454333795706,7.153129292843569,0.045913449350430166,-5.050940642745526
H001052,Andy Harris,Republican,MD,27.407550770420904,-8.57658391817517,-1.1802088121207812,3.305377726384689
H001047,James A. Himes,Democrat,CT,-23.663427098332562,1.5798996586828298,4.836009078606805,0.17973264932454294
H000874,Steny H. Hoyer,Democrat,MD,-23.16476085749597,0.9347179861812763,2.687858096652562,-0.9832460778198977
H001058,Bill Huizenga,Republican,MI,23.80883379272158,2.4625997824265,1.2063628332292269,-5.1091616438829375
J000288,"Henry C. ""Hank"" Johnson, Jr.",Democrat,GA,-25.5384531089238,-2.9659993327897287,-5.782223643794289,-1.0604917628615091
J000289,Jim Jordan,Republican,OH,28.868885343534266,-11.138587692649784,1.5244969949081235,1.9725472700249265
K000009,Marcy Kaptur,Democrat,OH,-21.308060561531818,2.508113340836446,7.382379514571184,3.4694595292065595
K000375,William R. Keating,Democrat,MA,-24.798443909734807,-0.015212161410178837,2.815119582551259,-0.561309527732711
K000376,Mike Kelly,Republican,PA,17.27440901784493,8.68070448626035,-3.185697173229024,4.136011213314356
L000560,Rick Larsen,Democrat,WA,-23.541261256798478,-2.3800129887133448,0.6126549631111136,-1.2596378973118048
L000557,John B. Larson,Democrat,CT,-24.49795589853217,-0.4521010720426287,1.7913365864118593,-0.6954720908377401
L000566,Robert E. Latta,Republican,OH,23.2119088905609,6.1237394607920645,0.09440774466878958,-6.2834152248013995
L000397,Zoe Lofgren,Democrat,CA,-24.14711272850466,-1.2668502001147723,-0.6711893111406091,-0.6328447650794617
L000491,Frank D. Lucas,Republican,OK,15.68779382749983,14.807440030248555,-3.732829436018503,3.663231521106465
L000562,Stephen F. Lynch,Democrat,MA,-23.309114326373205,0.5861368856748154,4.4212227631176955,0.9661917183656483
M001163,Doris O. Matsui,Democrat,CA,-24.783820213434485,-2.115544389977329,0.5270298632759629,-1.8958870871909388
M001157,Michael T. McCaul,Republican,TX,18.92101235785234,10.158675589002948,-1.1204557846446939,-2.5446300198994543
M001177,Tom McClintock,Republican,CA,26.093422058966084,-7.364510794120912,0.6072962943467594,1.9372206308423703
M001143,Betty McCollum,Democrat,MN,-25.706066304724608,-1.302100160466605,-0.6820707261139867,-1.7781646014353567
M000312,James P. McGovern,Democrat,MA,-25.972803349784943,-4.1509947525764685,-4.7359221194615495,-0.4511833931798057
M001137,Gregory W. Meeks,Democrat,NY,-25.43834628563617,-0.33931275621776247,1.0922918312663552,-1.9329092079341983
M001160,Gwen Moore,Democrat,WI,-24.667011727482453,-3.5769882539951885,-4.623336512839572,-1.369556789104636
N000002,Jerrold Nadler,Democrat,NY,-25.577673604234707,-3.7120922902184397,-4.089769189413411,-1.102161396155788
N000015,Richard E. Neal,Democrat,MA,-25.470933562249094,-1.5784573157204642,-0.831726469888037,-1.6115361070656797
N000147,Eleanor Holmes Norton,Democrat,DC,-16.850858073507602,1.0390833626164513,-4.59224238763364,3.629438828087233
P000034,"Frank Pallone, Jr.",Democrat,NJ,-25.04819364208153,-1.6279811682537744,-0.6313106508054797,-0.7000991072200747
P000197,Nancy Pelosi,Democrat,CA,-23.63346024702904,-2.433385143058016,0.5244924723552722,-2.4715153432731514
P000597,Chellie Pingree,Democrat,ME,-24.615807891964195,-4.08541914655025,-3.050029266954412,-1.9874999124072796
Q000023,Mike Quigley,Democrat,IL,-24.29457725030248,0.05989669808785278,2.7388746425798907,-1.377271614327208
R000395,Harold Rogers,Republican,KY,15.125505792585304,15.073302751168432,-4.324838847905179,3.5041936449262994
R000575,Mike Rogers,Republican,AL,20.635375985563627,8.721656292000652,-0.3237230736721772,-3.239258255627298
S001176,Steve Scalise,Republican,LA,23.757082406444667,-1.1526419502997043,1.7625298666626676,-4.13141223092492
S001145,Janice D. Schakowsky,Democrat,IL,-25.666299835409543,-4.019936885151462,-5.184937058251127,-0.8997214167279507
S001183,David Schweikert,Republican,AZ,24.52470629111272,-3.236126565952658,-0.9599288033195947,2.4738757645088607
S001189,Austin Scott,Republican,GA,20.73964447351394,8.642561049203481,-1.063005728070281,-1.399658102212081
S000185,"Robert C. ""Bobby"" Scott",Democrat,VA,-25.682959623810504,-2.707572155731546,-2.8887858759346146,-2.0321442898153106
S001185,Terri A. Sewell,Democrat,AL,-23.58870093079128,-0.5445522550824612,1.9258044978973792,-1.4013513665405934
S000344,Brad Sherman,Democrat,CA,-25.090598547280344,-0.9858482878020536,0.21624934164965823,-1.0928367091043725
S001148,Michael K. Simpson,Republican,ID,13.882383794717025,15.417762078592085,-5.853763621080529,5.057639327023352
S000510,Adam Smith,Democrat,WA,-25.63874439244957,-1.2383452513706559,0.13465446721583982,-1.9245871946566655
S001172,Adrian Smith,Republican,NE,22.984680179689978,5.211037381152497,0.16375472037271835,-5.84095438240768
S000522,Christopher H. Smith,Republican,NJ,17.460443026795872,9.742608740537497,-3.076810285157598,-0.3455925232870313
S001156,Linda T. Sánchez,Democrat,CA,-25.66134835720097,-2.2589704280214042,-2.216613453065961,-1.2772737358037705
T000193,Bennie G. Thompson,Democrat,MS,-25.549643136410488,-0.5355760091107677,0.7700036141432715,-1.5343202753840584
T000460,Mike Thompson,Democrat,CA,-24.614281834605933,0.4133215750309119,3.6389074814792304,-0.4614536866643259
T000467,Glenn Thompson,Republican,PA,18.210529897544763,11.277969685109696,-4.1118568825869835,1.8854427931631275
T000469,Paul Tonko,Democrat,NY,-25.63902632848965,-2.295414953682689,-1.526752121501831,-1.2214362929758242
T000463,Michael R. Turner,Republican,OH,12.733729086251817,14.433161427434925,-2.899213295811964,4.272279641846618
V000081,Nydia M. Velázquez,Democrat,NY,-25.298626441809972,-4.292416983150924,-6.193976708749627,-1.5875601004986262
W000798,Tim Walberg,Republican,MI,22.793626121281786,5.796915480129402,0.19406049174016823,-4.579460870787974
W000797,Debbie Wasserman Schultz,Democrat,FL,-24.264263851900935,0.8356356126619856,4.2632369519234725,-0.10212037931861029
W000187,Maxine Waters,Democrat,CA,-25.432386975272085,-3.8439846903718515,-4.96266766720956,-1.0416276059891696
W000806,Daniel Webster,Republican,FL,25.118017464282666,-2.1063071436315473,1.2636062585066283,-1.4560268470013553
W000795,Joe Wilson,Republican,SC,25.029864234277913,0.18404112428797434,1.9642779441697473,-2.8968360663864945
W000808,Frederica S. Wilson,Democrat,FL,-23.710997256104502,-0.6040946991761361,-0.26003340094982036,-1.4156880757802277
W000804,Robert J. Wittman,Republican,VA,24.250213482927574,2.751022681404847,1.7169559334708904,-5.266674767685418
W000809,Steve Womack,Republican,AR,15.574033166772907,16.227822185954704,-4.086638083224846,3.734787800528507
A000369,Mark E. Amodei,Republican,NV,20.031639046165083,9.631638435627933,-2.19322986795346,-1.0482733522731926
B001278,Suzanne Bonamici,Democrat,OR,-24.14045582263938,-2.836983780865815,-6.407245445970741,-1.5745201525212715
D000617,Suzan K. DelBene,Democrat,WA,-25.30682656468696,-1.1523910431828066,1.1950400208764314,-1.3783925098091057
M001184,Thomas Massie,Republican,KY,24.3188610029412,-16.45140667311896,-6.617216126048858,6.384841594492257
F000454,Bill Foster,Democrat,IL,-24.87049989970939,-0.4294521799077386,1.7246250681302158,-1.101315771194031
T000468,Dina Titus,Democrat,NV,-23.53410168181211,0.6740507528738141,3.9854568130625103,0.6167894702063769
H001068,Jared Huffman,Democrat,CA,-25.268882872439104,-3.325642701404456,-5.45813828815528,-1.4308718396485889
B001287,Ami Bera,Democrat,CA,-24.54775869151015,0.46556890008962615,3.67057570832744,-0.3867350943247969
B001285,Julia Brownley,Democrat,CA,-24.98575892331379,0.11728748586019012,2.555907928182945,-1.231032665498618
R000599,Raul Ruiz,Democrat,CA,-24.84883060974753,-0.26739004880325884,3.046904044364059,-0.2892022283511272
T000472,Mark Takano,Democrat,CA,-26.05054232140227,-3.41091783064505,-5.575604496482686,-2.1817920833727675
V000130,Juan Vargas,Democrat,CA,-25.212551630663718,-2.133974164992223,-1.4337002070658789,-1.0296062938461858
P000608,Scott H. Peters,Democrat,CA,-23.78283553132553,1.261953786063901,4.555372178039045,0.12556083103226356
F000462,Lois Frankel,Democrat,FL,-23.971046225822995,0.5589569460675834,2.7386203996358085,-0.4074328676757303
B001282,Andy Barr,Republican,KY,22.595894217416525,5.130039978145273,0.11271758896423432,-4.608398055005093
W000812,Ann Wagner,Republican,MO,16.847332496603173,13.86574811305176,-3.1234532513158704,1.4786747137416043
H001067,Richard Hudson,Republican,NC,22.700647901663952,2.999567354532773,0.18611937474704868,-1.1206834582759362
M001188,Grace Meng,Democrat,NY,-25.007375289482898,-1.899212253328238,-1.1368269910353215,-0.49963039279360905
J000294,Hakeem S. Jeffries,Democrat,NY,-25.578134359324764,-0.7390141781760764,0.8113293486290769,-2.208996401642437
B001281,Joyce Beatty,Democrat,OH,-25.099549494150523,-2.2769200877985654,-1.3342558276331344,-2.7461865444883875
J000295,David P. Joyce,Republican,OH,12.07446709550619,15.126616376336536,-3.449743628300637,5.030669136874701
P000605,Scott Perry,Republican,PA,28.132483238821525,-14.639470318582534,-1.2092449838157706,8.565662312150828
W000814,"Randy K. Weber, Sr.",Republican,TX,28.40510163627135,-8.484081434261256,2.4725022070121083,-0.5251806787653699
C001091,Joaquin Castro,Democrat,TX,-23.207378505494844,-4.88556118340107,-4.278027535935809,-1.2866836150789545
W000816,Roger Williams,Republican,TX,27.51325099986588,-9.053039032303186,2.9658330072868386,-0.8160595110171395
V000131,Marc A. Veasey,Democrat,TX,-22.4754523232614,1.856976561776655,3.972445568285917,0.564199954128099
P000607,Mark Pocan,Democrat,WI,-24.883366533319023,-5.244013447685151,-6.3406836674066165,-0.8291264904301523
K000385,Robin L. Kelly,Democrat,IL,-25.139282026181878,-2.104620653015726,-1.369946285714923,-0.9634839210639715
S001195,Jason Smith,Republican,MO,25.671845370806004,-2.4792044806981415,1.5025484377064362,-2.874376566502081
C001101,Katherine M. Clark,Democrat,MA,-26.022645410580786,-1.1471982470575672,-0.6641915454316837,-2.416296789670967
N000188,Donald Norcross,Democrat,NJ,-22.417212654847553,1.1177190765826859,5.404444422584322,1.2583413961994148
A000370,Alma S. Adams,Democrat,NC,-25.671443402094933,-1.8420735275192504,-1.264632734695617,-1.8634589787382412
P000609,Gary J. Palmer,Republican,AL,26.947197094473516,-4.21488743620219,2.0404086389542906,-3.496295051858073
H001072,J. French Hill,Republican,AR,20.991743000565315,7.512011424123591,0.16460646102800044,-3.739900837258814
W000821,Bruce Westerman,Republican,AR,25.06928425252117,1.1525189449432536,0.8824633199357481,-5.74430962402485
D000623,Mark DeSaulnier,Democrat,CA,-25.442014244557708,-3.6891971058488844,-3.7184201101853134,-1.5878754713773562
A000371,Pete Aguilar,Democrat,CA,-25.280879888955923,0.13285551821186148,2.238896239325134,-1.6403494641401524
L000582,Ted Lieu,Democrat,CA,-24.368427738219104,-1.1886173687279167,-0.4745288651359248,-0.8570127137177477
T000474,Norma J. Torres,Democrat,CA,-24.762027021231013,0.429470603905335,3.9374430574155124,-0.6767981217517777
C001103,"Earl L. ""Buddy"" Carter",Republican,GA,23.944793521419676,2.3644981178262054,1.7646751093806858,-3.945180490525674
L000583,Barry Loudermilk,Republican,GA,26.762528923972702,-5.175340387851163,2.172260799679783,-2.0012483039427473
A000372,Rick W. Allen,Republican,GA,25.89109099094841,-0.75305947061999,2.1070989866894285,-5.038745805389457
B001295,Mike Bost,Republican,IL,26.89820560580253,-4.619711288926684,2.2862731468797586,-3.0649929786306025
M001196,Seth Moulton,Democrat,MA,-23.683030058994845,1.014071350423033,4.025556960970573,-0.12251655774063425
M001194,John R. Moolenaar,Republican,MI,22.819358210761045,4.211533261545024,-1.4096301425920117,-4.130646773080321
D000624,Debbie Dingell,Democrat,MI,-24.477703071019157,-3.1304317542184052,-2.0475759987592204,-0.31430136173052825
E000294,Tom Emmer,Republican,MN,26.591650633593787,-3.1949041987912117,1.384937364150546,-3.6238718780811334
R000603,David Rouzer,Republican,NC,24.693581097855116,2.9018018360917663,2.300542768311379,-5.303871065753004
W000822,Bonnie Watson Coleman,Democrat,NJ,-22.62136869342108,-4.272199807609429,-4.8632224836133755,-1.5239196888334563
S001196,Elise M. Stefanik,Republican,NY,23.277908958919205,5.207392734357296,0.2625109557918909,-5.895565860829749
B001296,Brendan F. Boyle,Democrat,PA,-23.5218148525465,1.150550148217882,4.36819540429554,1.083115779166145
B001291,Brian Babin,Republican,TX,28.052095541028763,-6.78660167715066,2.5704578436145846,-1.38747563409619
B001292,"Donald S. Beyer, Jr.",Democrat,VA,-25.524295921935877,-1.7668706316168796,-1.5361140256885122,-0.8251006147314173
P000610,Stacey E. Plaskett,Democrat,VI,-14.186769852265577,1.97256015769019,-2.2346263819120438,4.125939973166775
N000189,Dan Newhouse,Republican,WA,15.323179201658153,13.88170318780564,-3.9897924062568877,2.635841725527662
G000576,Glenn Grothman,Republican,WI,26.473307184118266,-3.7448949201670394,1.7257799452571865,-3.4497248898414576
K000388,Trent Kelly,Republican,MS,26.33761702506883,-0.9906971497039919,3.0698393460759217,-4.3742996974321064
L000585,Darin LaHood,Republican,IL,21.424003082104406,5.819657053263482,0.725644274530953,-4.647231129417752
D000626,Warren Davidson,Republican,OH,27.935541700318183,-10.408153501829773,0.6492772061423594,3.312590544633607
C001108,James Comer,Republican,KY,28.333122408085668,-10.064290233607025,1.6064636686698361,1.2757623153695892
E000296,Dwight Evans,Democrat,PA,-17.885099804070084,-3.630662041814707,-3.170893125931602,-0.4937360919539978
S001190,Bradley Scott Schneider,Democrat,IL,-23.53559513087989,1.536610300612859,5.303074809247635,0.1556622215794918
B001302,Andy Biggs,Republican,AZ,27.607002839262986,-16.780744035226054,-2.5346606167055894,8.72140838298903
K000389,Ro Khanna,Democrat,CA,-25.440464350620587,-3.2720606726034425,-2.8831465575485087,-0.4471055075986229
P000613,Jimmy Panetta,Democrat,CA,-21.717365643874082,3.043613100469642,7.86392919974423,3.1210300381003098
C001112,Salud O. Carbajal,Democrat,CA,-24.945157370940912,0.5762281172468389,3.5826395523815058,-1.0497251961182081
B001300,Nanette Diaz Barragán,Democrat,CA,-25.824561781965073,-2.6056654759179234,-3.533714586457363,-1.599706119151556
C001110,J. Luis Correa,Democrat,CA,-22.97989138951256,-1.3864272232826262,1.5638289595491255,0.045993456893456276
D000628,Neal P. Dunn,Republican,FL,22.356314468191115,5.161156331033435,0.6119703203910516,-4.5886634162273445
R000609,John H. Rutherford,Republican,FL,22.353972975140305,5.582942060201514,0.850209531323284,-3.7976288096568753
S001200,Darren Soto,Democrat,FL,-22.966784628374274,2.211157247374755,6.749889396780213,1.5455704716231788
M001199,Brian J. Mast,Republican,FL,25.63480220421957,-3.3674361710240848,1.2071048213328224,-1.8527728093600921
K000391,Raja Krishnamoorthi,Democrat,IL,-25.05693571164281,0.14666553127531434,2.419968261679859,-1.072821112085296
H001077,Clay Higgins,Republican,LA,27.121962715371883,-9.247781977223037,0.8984852357270205,3.5729450208591036
J000299,Mike Johnson,Republican,LA,20.41621790634601,-3.440927459494757,-2.1308270549132446,2.0648678815119075
R000606,Jamie Raskin,Democrat,MD,-25.796043894618087,-2.716455360929951,-2.2537122166229535,-1.171417434851918
B001301,Jack Bergman,Republican,MI,22.542105729278024,5.110105929795905,0.7008131911784216,-5.1947237081263
B001298,Don Bacon,Republican,NE,12.547737277199246,16.34660337742119,-3.346520159676565,4.993487750975182
G000583,Josh Gottheimer,Democrat,NJ,-19.01175569757568,3.2858983027258253,8.929514035349396,3.6030496568909727
E000297,Adriano Espaillat,Democrat,NY,-25.4943230628281,-2.454627468775864,-1.5645605793979593,-1.0347273973543167
F000466,Brian K. Fitzpatrick,Republican,PA,-0.09846336546912496,13.57647933279248,1.0154659487281306,6.713912971445387
S001199,Lloyd Smucker,Republican,PA,23.727253558963444,2.8493027803695457,1.9720707194348326,-5.084183347145228
K000392,David Kustoff,Republican,TN,23.08108065680814,3.7928635533906037,0.45615944643465467,-4.313923813058463
G000581,Vicente Gonzalez,Democrat,TX,-16.165964184336836,4.845621360619489,6.737806310476449,4.730829174736742
A000375,Jodey C. Arrington,Republican,TX,26.10965334104363,-5.025128115572238,0.5866635381069246,0.5128669134759817
J000298,Pramila Jayapal,Democrat,WA,-25.54324625659679,-4.607945112149568,-8.44450752242867,-0.9540201171851633
E000298,Ron Estes,Republican,KS,26.349577773722675,-2.0222685101492806,2.7699973634837907,-4.684757772145803
N000190,Ralph Norman,Republican,SC,28.530597533455655,-14.499539629215667,-0.9170733463659873,7.866357683356462
G000585,Jimmy Gomez,Democrat,CA,-25.82526583455772,-3.004603073491267,-4.763945626800777,-1.4817704003355128
C001115,Michael Cloud,Republican,TX,29.16153487805067,-14.444381158886166,-0.9593097068190399,8.039155285328611
B001306,Troy Balderson,Republican,OH,24.104356475778886,4.063234287000782,0.9750231860851724,-6.0664996088658
H001082,Kevin Hern,Republican,OK,29.04038026379744,-9.391916951322726,2.6888584652481997,0.7863156157224523
M001206,Joseph D. Morelle,Democrat,NY,-23.058024733215177,1.0508029482016972,5.269443184693786,0.10706451720850592
S001205,Mary Gay Scanlon,Democrat,PA,-24.620009215503313,-3.8885986609623133,-3.5453619427302243,-2.418842504525338
C001055,Ed Case,Democrat,HI,-23.12015957358471,1.4507656703489973,4.754107876881814,1.0414842665127364
H001066,Steven Horsford,Democrat,NV,-22.327073246863748,1.4622415560721052,6.316551562891766,3.5526894865369205
S001211,Greg Stanton,Democrat,AZ,-21.188446271680405,3.247659313068015,8.490666358564381,3.5126393717113396
H001090,Josh Harder,Democrat,CA,-20.13449762435874,3.747177117604492,8.847216765831712,4.313817900364554
L000593,Mike Levin,Democrat,CA,-23.39197223161602,1.4463363027056977,5.799683307555213,1.7146487177737677
N000191,Joe Neguse,Democrat,CO,-25.787932731650848,-0.7568721912096168,1.2507310173699522,-1.5924590423435079
C001121,Jason Crow,Democrat,CO,-24.449518980347158,-0.8533126609005336,2.6821337454910683,-2.098529257905694
H001081,Jahana Hayes,Democrat,CT,-24.26023979248782,0.2906572238713154,3.705917970121204,0.6218946197691615
S001214,W. Gregory Steube,Republican,FL,25.72566667105827,-14.863896295421958,0.4927483519996567,4.0638356317125615
M001208,Lucy McBath,Democrat,GA,-24.839732288236128,-0.6916586862613963,1.760359219805941,0.11310066699020152
F000469,Russ Fulcher,Republican,ID,28.39257546454685,-8.885724449071994,2.5649503198037538,1.2861229264894702
G000586,"Jesús G. ""Chuy"" García",Democrat,IL,-23.053283074550123,-5.378423359460874,-11.493090990344692,3.7230268731488643
C001117,Sean Casten,Democrat,IL,-25.573093451584487,-0.8636246574155002,-1.1004056861915483,-1.7087663935930872
U000040,Lauren Underwood,Democrat,IL,-25.94036686560368,-1.730354169839663,-2.5610080926031067,-2.4475950725605227
B001307,James R. Baird,Republican,IN,18.231418567229518,10.963307410996872,-4.084605914270878,1.4271892332000111
D000629,Sharice Davids,Democrat,KS,-22.590266945272052,2.524520754834094,7.455118637451792,2.1247076718170295
T000482,Lori Trahan,Democrat,MA,-25.67231099556592,-1.846861036118293,-0.7244088861266653,-1.2403285938308035
P000617,Ayanna Pressley,Democrat,MA,-24.68819046741124,-5.720626543293417,-10.067453288204508,0.07862523209926718
S001215,Haley M. Stevens,Democrat,MI,-24.82380949448153,0.4908682815301926,3.4954917661968223,-0.5393396304314095
T000481,Rashida Tlaib,Democrat,MI,-25.514434042890418,-7.350052184221071,-13.020080667829827,4.314649195353729
C001119,Angie Craig,Democrat,MN,-17.617985797078582,5.135219045350312,8.70165000153477,5.406067337839851
O000173,Ilhan Omar,Democrat,MN,-25.336407690324638,-7.3135047584042745,-12.618457087927991,3.5675076931548415
S001212,Pete Stauber,Republican,MN,22.947391070132362,0.3565483605310634,0.8843070016565499,-2.5548130638552764
G000591,Michael Guest,Republican,MS,24.866160716476458,0.8200177737242649,1.1238256779801494,-4.568466351967292
P000614,Chris Pappas,Democrat,NH,-19.084982765948048,4.773583456103817,9.461829172945992,4.650860169483061
V000133,Jefferson Van Drew,Republican,NJ,26.534102457391715,-5.647969958897154,1.3428067278239642,0.11602165524138416
L000590,Susie Lee,Democrat,NV,-18.85253629574058,3.8361311728718395,7.341664572603284,4.309704405537129
O000172,Alexandria Ocasio-Cortez,Democrat,NY,-25.463956858389622,-5.643820934483846,-11.665209782417362,0.4752597136624754
D000631,Madeleine Dean,Democrat,PA,-25.486502644244784,-1.6576391247772435,-0.274832199414782,-1.4239265924822206
H001085,Chrissy Houlahan,Democrat,PA,-21.64276119118228,1.788872950775815,5.784011837112038,2.339230268537936
M001204,Daniel Meuser,Republican,PA,23.225564164830157,2.615970681987476,-0.08331772161713037,-3.594606557445945
J000302,John Joyce,Republican,PA,27.357609368753995,-5.284599932483404,2.408646584349289,-1.7397458154068108
R000610,Guy Reschenthaler,Republican,PA,26.453221955732197,-2.093442886786558,2.0175234084523344,-3.5656941349674405
T000480,William R. Timmons IV,Republican,SC,28.154827175283405,-7.193795768765996,2.2034960092495552,-0.8395440727588495
J000301,Dusty Johnson,Republican,SD,24.437670811122914,2.9765518972075204,1.1701221295941275,-6.3790419604147015
B001309,Tim Burchett,Republican,TN,27.891793492779364,-14.070997205039907,-0.7232664385168704,4.324433597636861
R000612,John W. Rose,Republican,TN,25.95886409198983,-1.9726196146396529,2.3782722184715968,-5.1535532815876435
C001120,Dan Crenshaw,Republican,TX,19.281411708855572,7.646512580785208,-1.007197490629918,-1.960587551804555
G000589,Lance Gooden,Republican,TX,28.039912673986752,-8.270501592936776,2.523474788145865,-0.3854127415919608
F000468,Lizzie Fletcher,Democrat,TX,-21.91375347345064,1.5509594899242227,1.601094211882563,0.15764258549449456
E000299,Veronica Escobar,Democrat,TX,-24.826799628676586,-2.333762661434316,-0.7475312857110713,-3.157903307975538
R000614,Chip Roy,Republican,TX,27.852137170534775,-15.606369470947941,-1.8183872513737431,8.408272496669436
G000587,Sylvia R. Garcia,Democrat,TX,-25.2025039506107,-2.963520140996571,-2.962282552554436,-1.7894359038956027
C001118,Ben Cline,Republican,VA,29.18000263602797,-11.972961747597589,1.41533015206954,3.12439653894971
S001216,Kim Schrier,Democrat,WA,-20.364257031323913,3.6900300935086983,8.603866767439252,4.077224602997157
S001213,Bryan Steil,Republican,WI,22.665325152796814,6.374406346209299,-0.3414046938304623,-5.4740198163876945
M001205,Carol D. Miller,Republican,WV,27.027970998658795,-4.120303897905646,2.5041861693361938,-3.2062557413341115
G000592,Jared F. Golden,Democrat,ME,-8.08153104566082,5.836348726394584,6.307522614488929,6.217768393686644
M001210,Gregory F. Murphy,Republican,NC,19.90647152720816,2.457358468780731,1.1699249240564076,-3.24960093263932
M000687,Kweisi Mfume,Democrat,MD,-25.226192878121495,-1.4207437646733148,-0.7215033976151637,-1.9550345917804661
T000165,Thomas P. Tiffany,Republican,WI,29.107007548905152,-12.103768568564387,0.3839829337576275,3.854124155556678
I000056,Darrell Issa,Republican,CA,22.077810463377574,3.9313584982102103,-2.0395895107974087,-3.403343611635747
S000250,Pete Sessions,Republican,TX,23.461658062024462,1.7524341394726635,1.5203605999581906,-2.7667020067584382
V000129,David G. Valadao,Republican,CA,12.861814870045206,16.85329615588445,-4.582661548358796,5.344285909859868
M001212,Barry Moore,Republican,AL,28.98138757414978,-11.542032946946671,0.7326058025488158,2.320128626715944
O000019,Jay Obernolte,Republican,CA,15.845218700628832,14.319053449158842,-4.788735632297594,4.4105442867972
K000397,Young Kim,Republican,CA,12.769005230290817,16.35132278260614,-4.875467247466086,5.984955006690764
J000305,Sara Jacobs,Democrat,CA,-25.684213108102156,-3.1283778735944128,-4.692926021353467,-1.4463066643051323
B000825,Lauren Boebert,Republican,CO,27.323574713299372,-15.118073956847043,-0.9126118027761666,7.061254814021593
C001039,Kat Cammack,Republican,FL,27.56795301160168,-9.625536543202006,0.8261237369627352,0.1262477535730315
F000472,Scott Franklin,Republican,FL,26.759250213175694,-2.425113432911326,3.517234057560379,-4.015972180324316
D000032,Byron Donalds,Republican,FL,26.928206602665743,-11.502330752739322,0.29166608053745746,3.6190930928805076
G000593,Carlos A. Gimenez,Republican,FL,18.205962747817264,10.711791400411,-1.8264303964623823,-0.9665410569554471
S000168,Maria Elvira Salazar,Republican,FL,14.381074598137959,12.27708230678653,-3.2448165049300015,4.680433759108858
W000788,Nikema Williams,Democrat,GA,-25.961647373757437,-3.717489956443591,-5.4258460612938375,-1.9808413908673865
C001116,Andrew S. Clyde,Republican,GA,28.275026961715895,-9.27429846548897,0.4321192034322139,2.0653104990598035
H001091,Ashley Hinson,Republican,IA,16.914025569350024,14.731347550387099,-3.2303306923814437,1.7366488000494418
M001215,Mariannette Miller-Meeks,Republican,IA,18.23670047776849,10.587228762689474,-2.807151311748299,-0.4744644134085856
F000446,Randy Feenstra,Republican,IA,23.73634997101429,4.01504125895762,1.2112825206417737,-6.047207400392166
M001211,Mary E. Miller,Republican,IL,28.159293341906086,-9.26080940348967,1.2137321129576328,0.5849447474842852
M001214,Frank J. Mrvan,Democrat,IN,-22.150974478906797,2.6724298111848093,7.972540779092432,2.830061986530707
S000929,Victoria Spartz,Republican,IN,25.563718095199228,-8.32684337135736,-0.1869793284296883,4.132079906835915
M000871,Tracey Mann,Republican,KS,26.423335623553147,-2.9626422517582527,0.7640842122216571,-3.051371141603136
A000148,Jake Auchincloss,Democrat,MA,-24.49469236186962,-0.4360462429915358,1.494608736162982,-0.4041456376002588
M001136,Lisa C. McClain,Republican,MI,25.13432569347171,-0.32233123859433566,1.9301433964187529,-5.556370150958727
F000470,Michelle Fischbach,Republican,MN,27.40166177529548,-5.843025163405251,1.3153593910272225,-2.315675067484506
R000305,Deborah K. Ross,Democrat,NC,-25.27157464192955,-1.1945043894579244,0.5826286436132365,-1.4946127367384225
L000273,Teresa Leger Fernandez,Democrat,NM,-24.62959860101213,-1.8916001941060225,-0.17901912264220934,-0.3838620858029882
G000597,Andrew R. Garbarino,Republican,NY,11.627956824830328,15.82421934897418,-3.1900717091262116,5.335931203309579
M000317,Nicole Malliotakis,Republican,NY,21.1757535233561,5.109069115937839,-0.39126247746110276,-3.5205369545072287
T000486,Ritchie Torres,Democrat,NY,-23.55536390302823,0.2296512121376624,2.7848553224802988,-0.0950902592754902
B000740,Stephanie I. Bice,Republican,OK,20.0147087040071,10.346277668251266,-1.6861470033180463,-1.5751749420355932
B000668,Cliff Bentz,Republican,OR,22.985797223072773,5.956495346197512,-0.6596061856271436,-5.866863854060924
M000194,Nancy Mace,Republican,SC,18.382563106207137,-1.4096054535253988,-1.0764493791201537,8.21241802936845
H001086,Diana Harshbarger,Republican,TN,28.671612265978997,-10.12311086506595,1.3343915638238009,0.9115137151204509
F000246,Pat Fallon,Republican,TX,27.731604223379183,-6.9732637034144345,2.6940864423419955,-1.125591205031734
P000048,August Pfluger,Republican,TX,25.188703845496935,1.327911011095714,1.935485482262953,-5.361892969182107
J000304,Ronny Jackson,Republican,TX,27.69957839785155,-7.759815976233143,1.869508907400295,-0.858511438091553
N000026,Troy E. Nehls,Republican,TX,27.322720056624764,-12.224710693669522,-0.7838387184557061,5.063573796751089
V000134,Beth Van Duyne,Republican,TX,27.525206911175474,-5.790505618387843,1.8398801212875753,-2.2354127111391775
M001213,Blake D. Moore,Republican,UT,17.81339682813614,11.69229845173381,-3.2185693940901654,2.585626014012895
O000086,Burgess Owens,Republican,UT,22.853861279559677,3.180950995869816,-2.0330812983070445,0.25346161438457976
S001159,Marilyn Strickland,Democrat,WA,-24.532088969437343,0.44657368783612306,3.718227586260742,-0.44434136178022543
F000471,Scott Fitzgerald,Republican,WI,27.412139489109798,-5.3395036420034945,2.31874639609535,-3.111783920131599
T000478,Claudia Tenney,Republican,NY,24.791053590859807,1.2706636179108362,0.8451986913541254,-3.547060704007403
L000595,Julia Letlow,Republican,LA,19.816955484539722,8.436442670091683,-1.2445456317410033,0.150400850994353
C001125,Troy A. Carter,Democrat,LA,-25.524194565211275,-0.9548112816362782,-0.25858748131622783,-2.084773248373277
S001218,Melanie A. Stansbury,Democrat,NM,-25.350235352413602,-2.1852361777696423,-1.838198465514679,-1.5006170545560253
E000071,Jake Ellzey,Republican,TX,19.820652475719395,9.436147644987006,-1.5450437529797414,1.8079628391286617
B001313,Shontel M. Brown,Democrat,OH,-26.001810910388578,-1.9302288129104905,-1.5325795627828023,-2.4787066479987234
C001126,Mike Carey,Republican,OH,22.59942441420902,3.8400109901012875,-0.7528056117471412,-1.942976117159422
F000474,Mike Flood,Republican,NE,18.258140293898123,12.547946372411973,-2.8840075511505194,0.9947800553880014
F000475,Brad Finstad,Republican,MN,27.107561801090643,-4.519415608777407,1.2790575647686042,-3.4418647167521517
R000579,Patrick Ryan,Democrat,NY,-20.827969310662684,3.7457300041047694,9.145269557848835,4.058925510774074
Y000067,Rudy Yakym III,Republican,IN,24.523292177784327,2.333792704421831,0.9339654375636668,-6.8238955665145475
Z000018,Ryan K. Zinke,Republican,MT,25.120927445780598,-2.9291799793943274,0.5074193253797654,0.8414619068895658
S001220,Dale W. Strong,Republican,AL,25.280156654284955,0.9992344750667679,2.591451169404482,-6.413938452649166
C001132,Elijah Crane,Republican,AZ,28.101370195810624,-15.796920602334191,-1.9640881763958906,8.47682082929502
C001133,Juan Ciscomani,Republican,AZ,13.721148324859092,16.80061402505109,-4.4879167755664,4.995246794901987
K000401,Kevin Kiley,Independent,CA,12.98174067203658,16.67983138347567,-4.742902135559283,5.809842122440403
M001225,Kevin Mullin,Democrat,CA,-24.764460630111948,-2.8849924066942743,-0.881992992215704,-0.7219614703150263
K000400,Sydney Kamlager-Dove,Democrat,CA,-25.570180206176044,-4.201650739574817,-7.243468863586712,-1.3731566495825807
G000598,Robert Garcia,Democrat,CA,-24.797213053341803,-4.719288226397932,-5.708251195639217,-1.388706433922263
P000620,Brittany Pettersen,Democrat,CO,-23.431762713788316,2.0549863309982053,6.82846657254289,1.2121254251533942
B001314,Aaron Bean,Republican,FL,28.54246694017944,-9.100885758098864,1.6048176136955066,-0.43984359286205904
M001216,Cory Mills,Republican,FL,28.093502273834932,-10.097084062165232,1.2656446558044174,1.1491718576085974
F000476,Maxwell Frost,Democrat,FL,-26.203399321760063,-4.5398425732036225,-7.6704582701503305,-0.9441689322595184
L000596,Anna Paulina Luna,Republican,FL,24.29348934211867,-10.747563692927141,-1.6291482292539519,8.059551093261907
L000597,Laurel M. Lee,Republican,FL,20.99374192066139,6.890600359694799,-1.411958508868907,-0.5416819390497138
M001217,Jared Moskowitz,Democrat,FL,-19.26181565678774,3.4096521633114025,8.399402352175702,4.454840854101374
M001218,Richard McCormick,Republican,GA,25.818945840088787,-2.4367703610646596,1.0956961237974823,-1.1362563848357603
C001129,Mike Collins,Republican,GA,29.031949246846967,-12.007682565384096,0.21243404663127138,3.279586759700966
T000487,Jill N. Tokuda,Democrat,HI,-26.257522745333766,-3.3816282743160686,-4.971470848156822,-1.8498307095963276
N000193,Zachary Nunn,Republican,IA,15.429758208860072,12.211097688050858,-3.065884768603897,3.682066974190421
J000309,Jonathan L. Jackson,Democrat,IL,-25.441555893462606,-3.367319137703498,-4.5032010774824505,0.15296152135737934
R000617,Delia C. Ramirez,Democrat,IL,-26.091252038042846,-5.289954184262102,-10.34478434046559,-0.4510417161011118
B001315,Nikki Budzinski,Democrat,IL,-21.56088824817844,3.284559827066379,8.249227202265322,3.313271774861673
S001225,Eric Sorensen,Democrat,IL,-19.71603736679703,2.258975740827557,8.274871320161717,3.565496341731921
H001093,Erin Houchin,Republican,IN,26.964500840966636,-2.4882730617322255,3.4443653380171524,-4.008340199185199
M001220,Morgan McGarvey,Democrat,KY,-26.040564980837033,-1.4209611808307188,-0.6587811641480819,-2.245480447218573
I000058,Glenn Ivey,Democrat,MD,-25.714472303955674,-1.1181085663900376,-0.21304823516276442,-2.3138656116927123
S001221,Hillary J. Scholten,Democrat,MI,-21.682820642459177,2.546830878103881,8.073126110231524,2.617737869728311
J000307,John James,Republican,MI,15.149050725514728,14.233802294347072,-5.189992886216881,4.410473424464382
T000488,Shri Thanedar,Democrat,MI,-25.00274513089407,-0.8989055722733534,1.2202844578498924,-0.9173099896035918
A000379,Mark Alford,Republican,MO,26.851834320825034,-3.3148341115615505,2.2043186131014307,-4.029701520708249
B001316,Eric Burlison,Republican,MO,28.92965928425757,-14.100619575395497,-0.3369075658156499,7.223523858069888
E000235,Mike Ezell,Republican,MS,24.848779905704703,0.8573075513200019,1.3880448352462715,-3.4650880876700763
D000230,Donald G. Davis,Democrat,NC,-12.835454839318714,6.169363457238381,8.495699934832594,8.898640511759828
F000477,Valerie P. Foushee,Democrat,NC,-25.901922090615635,-2.4443360382836596,-3.4371206542146244,-2.5000567944315786
E000246,Chuck Edwards,Republican,NC,16.66101384512795,13.164423327725872,-4.289287496201946,4.151295612380162
K000398,"Thomas H. Kean, Jr.",Republican,NJ,10.290662729144792,17.128776371689547,-3.7184210698517934,6.708579274912232
M001226,Robert Menendez,Democrat,NJ,-25.047960709996822,-0.20259513083664865,1.8060755193865003,-1.2031885092675394
V000136,Gabe Vasquez,Democrat,NM,-20.458541625387063,3.765042376579027,8.780167329843788,3.2178886423809248
L000598,Nick LaLota,Republican,NY,13.851505338792984,13.095505962249765,-3.002127713856915,4.7079906552171655
G000599,Daniel S. Goldman,Democrat,NY,-24.235514272082153,-0.24962337888653013,0.6209934677126797,-1.3167272585035603
L000599,Michael Lawler,Republican,NY,9.553455697753188,16.46319077760881,-3.202369031640621,6.764714800746836
L000600,Nicholas A. Langworthy,Republican,NY,23.084868539285225,1.3759941723629536,-1.1900118399851574,-3.47225089621189
L000601,Greg Landsman,Democrat,OH,-19.86195515035788,3.473344572651697,8.30335037452224,3.0424932700470526
M001222,Max L. Miller,Republican,OH,20.71617584021132,5.313185570190099,-2.1560839856916916,-1.5725517115230683
S001223,Emilia Strong Sykes,Democrat,OH,-23.805530837681445,1.0782921552580649,4.044666433662162,0.5406796034914185
B001317,Josh Brecheen,Republican,OK,29.004346619090736,-14.018631287838211,-0.7381372225275866,5.911045955756307
H001094,Val T. Hoyle,Democrat,OR,-23.808395981716437,-2.086433934333331,-0.12094646726836226,1.0382808404486152
S001226,Andrea Salinas,Democrat,OR,-23.10293049873861,-0.015536393009711512,3.83951755690203,1.989383927615994
L000602,Summer L. Lee,Democrat,PA,-26.38161539844461,-6.266987671903196,-12.478743376124516,0.5095969458720719
D000530,Christopher R. Deluzio,Democrat,PA,-23.752574647852914,-1.3457941498987573,1.041681013376755,2.188415395628677
M001223,Seth Magaziner,Democrat,RI,-22.46523603110518,1.3920114954580678,4.26392552236608,1.8503500686748686
F000478,Russell Fry,Republican,SC,27.377434521151045,-7.902950455054199,0.6713729897884607,0.9667207978847908
O000175,Andrew Ogles,Republican,TN,28.681149660668467,-13.01097637563647,0.4968322771448349,4.239514332980857
M001224,Nathaniel Moran,Republican,TX,22.95262021014226,4.72518016785847,-0.14321373657603817,-0.14145384126000995
S001224,Keith Self,Republican,TX,28.609249230973916,-10.823048897524293,1.7868487698047097,2.2421860350780665
L000603,Morgan Luttrell,Republican,TX,27.55845270231786,-7.2931901991243535,1.136652666305822,1.48883669940494
D000594,Monica De La Cruz,Republican,TX,22.97374888244149,3.256507205801317,0.7949903979842281,-4.449271539926269
C001130,Jasmine Crockett,Democrat,TX,-25.07368343618549,-3.753720542562182,-3.3083602603449576,-2.204165716466867
C001131,Greg Casar,Democrat,TX,-26.058218009383882,-5.739541352182517,-10.158953373948655,-0.2740267887762885
H001095,Wesley Hunt,Republican,TX,23.24162673226923,-11.029913962235787,-0.1309771971444816,1.66404525555997
K000399,Jennifer A. Kiggans,Republican,VA,13.447069055501442,15.724062643298636,-4.030230035753388,5.452324850214135
B001318,Becca Balint,Democrat,VT,-26.049053713576512,-3.4667448329697654,-4.460878958638815,-1.7256888332255678
G000600,Marie Gluesenkamp Perez,Democrat,WA,-9.482576583523496,6.517533101875125,6.856775964662454,6.279676141481591
V000135,Derrick Van Orden,Republican,WI,20.951427495097548,5.559771300330059,-1.0647371221256472,-0.6690362006476636
H001096,Harriet M. Hageman,Republican,WY,28.774758186369272,-12.426619350042552,-0.6022522931614285,4.745692917266949
M001227,Jennifer L. McClellan,Democrat,VA,-22.533443295655957,-0.1464947437430888,-3.123390161757914,-0.9750883922198325
