component_idx,direction,vote_id,loading,question,category,date
0,pos,2023/s330,0.048993001212108825,"Motion to Invoke Cloture: Nathalie Rayes, of Massachusetts, to be Ambassador to the Republic of Croatia: Nathalie Rayes, of Massachusetts, to be Ambassador to the Republic of Croatia",cloture,2023-12-06T12:40:00
0,pos,2023/s331,0.048993001212108825,"On the Nomination PN648: Nathalie Rayes, of Massachusetts, to be Ambassador to the Republic of Croatia",nomination,2023-12-06T15:38:00
0,pos,2024/s311,0.048993001212108825,"Motion to Invoke Cloture: Elizabeth C. Coombe to be U.S. District Judge for the Northern District of New York: Elizabeth C. Coombe, of New York, to be United States District Judge for the Northern District of New York",cloture,2024-12-04T15:23:00
0,pos,2024/s298,0.048825475138621205,"Motion to Invoke Cloture: Anne Hwang to be U.S. District Judge for the Central District of California: Anne Hwang, of California, to be United States District Judge for the Central District of California",cloture,2024-11-20T23:46:00
0,pos,2024/s314,0.0488184504546753,"On the Nomination PN2040: Sarah Morgan Davenport, of New Mexico, to be United States District Judge for the District of New Mexico",nomination,2024-12-05T11:26:00
0,pos,2023/s17,0.04878649631796247,"On the Nomination PN71: Adrienne C. Nelson, of Oregon, to be United States District Judge for the District of Oregon",nomination,2023-02-15T11:31:00
0,pos,2023/s19,0.048786496317962454,"Motion to Invoke Cloture: Daniel J. Calabretta to be U.S. District Judge for the Eastern District of California: Daniel J. Calabretta, of California, to be United States District Judge for the Eastern District of California",cloture,2023-02-15T13:57:00
0,pos,2023/s15,0.04878649631796243,"On the Nomination PN72: Matthew L. Garcia, of New Mexico, to be United States District Judge for the District of New Mexico",nomination,2023-02-14T16:28:00
0,pos,2023/s121,0.04878173988811323,"On the Nomination PN39: Geeta Rao Gupta, of Virginia, to be Ambassador at Large for Global Women's Issues",nomination,2023-05-10T17:29:00
0,pos,2024/s312,0.04878173988811323,"On the Nomination PN2039: Elizabeth C. Coombe, of New York, to be United States District Judge for the Northern District of New York",nomination,2024-12-04T17:36:00
0,pos,2024/s241,0.04874171895032282,"Motion to Invoke Cloture: Mary Kathleen Costello to be U.S. District Judge for the Eastern District of Pennsylvania: Mary Kathleen Costello, of Pennsylvania, to be United States District Judge for the Eastern District of Pennsylvania",cloture,2024-09-17T11:34:00
0,pos,2024/s313,0.04872553670471311,"Motion to Invoke Cloture: Sarah Morgan Davenport to be U.S. District Judge for the District of New Mexico: Sarah Morgan Davenport, of New Mexico, to be United States District Judge for the District of New Mexico",cloture,2024-12-04T18:47:00
0,pos,2023/s169,0.04872056426729422,"On the Nomination PN82: Natasha C. Merle, of New York, to be United States District Judge for the Eastern District of New York",nomination,2023-06-21T14:16:00
0,pos,2024/s257,0.04870719642529048,"Motion to Invoke Cloture: Jonathan E. Hawley to be U.S. District Judge for the Central District of Illinois.: Jonathan E. Hawley, of Illinois, to be United States District Judge for the Central District of Illinois",cloture,2024-11-13T12:33:00
0,pos,2024/s4,0.04866704821058899,"On the Nomination PN376: S. Kato Crews, of Colorado, to be United States District Judge for the District of Colorado",nomination,2024-01-10T14:26:00
0,pos,2024/s242,0.04860944232407526,"Motion to Invoke Cloture: Motion to Proceed to S. 4445, Upon Reconsideration",cloture,2024-09-17T14:47:00
0,pos,2023/s22,0.048594877483526595,"On the Nomination PN73: Daniel J. Calabretta, of California, to be United States District Judge for the Eastern District of California",nomination,2023-02-16T23:27:00
0,pos,2023/s18,0.0485919491976398,"Motion to Invoke Cloture: Ana C. Reyes to be U.S. District Judge for the District of Columbia: Ana C. Reyes, of the District of Columbia, to be United States District Judge for the District of Columbia",cloture,2023-02-15T12:26:00
0,pos,2024/s244,0.048581974847659054,"Motion to Invoke Cloture: Michelle Williams Court to be U.S. District Judge for the Central District of California: Michelle Williams Court, of California, to be United States District Judge for the Central District of California",cloture,2024-09-18T11:55:00
0,pos,2024/s300,0.04856656958930771,"Motion to Invoke Cloture: Catherine Henry to be U.S. District Judge for the Eastern District of Pennsylvania.: Catherine Henry, of Pennsylvania, to be United States District Judge for the Eastern District of Pennsylvania",cloture,2024-11-21T00:08:00
0,neg,2023/s87,-0.048825475138621205,S.Amdt. 80 (Lee) to S. 870: To make a categorical exclusion available for use on certain land by States and Indian Tribes through a project delivery program.,amendment,2023-04-18T16:41:00
0,neg,2023/s98,-0.048566569589307704,"S.J.Res. 11 (118th): A joint resolution providing for congressional disapproval under chapter 8 of title 5, United States Code, of the rule submitted by the Environmental Protection Agency relating to “Control of Air Pollution From New Motor Vehicles: He",passage,2023-04-26T16:22:00
0,neg,2024/s121,-0.048566569589307704,"S.J.Res. 61 (118th): A joint resolution providing for congressional disapproval under chapter 8 of title 5, United States Code, of the rule submitted by the Federal Highway Administration relating to “National Performance Management Measures; Assessing P",passage,2024-04-10T15:04:00
0,neg,2023/s143,-0.04835349305097572,S.Amdt. 134 (Budd) to H.R. 3746: To rescind unnecessary coronavirus funds.,amendment,2023-06-01T21:49:00
0,neg,2023/s204,-0.04830228463834523,"S.Amdt. 874 (Marshall) to S. 2226: To prohibit the flying, draping, or other display of any flag other than the flag of the United States at public buildings.",amendment,2023-07-27T14:22:00
0,neg,2023/s110,-0.04829733240338072,"S.J.Res. 9 (118th): A joint resolution providing for congressional disapproval under chapter 8 of title 5, United States Code, of the rule submitted by the United States Fish and Wildlife Service relating to “Endangered and Threatened Wildlife and Plants",passage,2023-05-03T18:31:00
0,neg,2023/s88,-0.0482965019380442,S.Amdt. 79 (Paul) to S. 870: To improve the bill.,amendment,2023-04-19T11:43:00
0,neg,2023/s130,-0.04829009697328861,S.J.Res. 18 (118th): A joint resolution disapproving of the rule submitted by the Department of Homeland Security relating to “Public Charge Ground of Inadmissibility”.,passage,2023-05-17T16:55:00
0,neg,2023/s171,-0.04829009697328861,"H.J.Res. 44 (118th): Providing for congressional disapproval under chapter 8 of title 5, United States Code, of the rule submitted by the Bureau of Alcohol, Tobacco, Firearms, and Explosives relating to “Factoring Criteria for Firearms with Attached ‘Sta",passage,2023-06-22T12:02:00
0,neg,2024/s142,-0.048282553743046984,"S. 4072 (118th): A bill to prohibit the use of funds to implement, administer, or enforce certain rules of the Environmental Protection Agency.",passage,2024-04-18T14:52:00
0,neg,2023/s310,-0.04823033564836083,"S.J.Res. 43 (118th): A joint resolution providing for congressional disapproval under chapter 8 of title 5, United States Code, of the rule submitted by the Department of Education relating to “Improving Income Driven Repayment for the William D. Ford Fe",passage,2023-11-15T14:27:00
0,neg,2023/s142,-0.0481984872796991,"S.Amdt. 106 (Cotton) to H.R. 3746: To provide appropriate adjustments to the discretionary spending limits, in the event of funding under a continuing resolution.",amendment,2023-06-01T21:36:00
0,neg,2023/s144,-0.0481984872796991,S.Amdt. 98 (Lee) to H.R. 3746: To strike the waiver authority for Administrative PAYGO.,amendment,2023-06-01T22:01:00
0,neg,2024/s109,-0.048132668046696477,"H.R. 2882 (118th): Further Consolidated Appropriations Act, 2024",passage,2024-03-23T01:02:00
0,neg,2023/s267,-0.048101816912508276,S.Amdt. 1237 (Rubio) to H.R. 4366: To prohibit the use of funds to implement the final rule regarding energy efficient standards for certain subsidized housing.,amendment,2023-10-25T14:18:00
0,neg,2023/s272,-0.04809650128115657,"S.J.Res. 42 (118th): A joint resolution providing for congressional disapproval under chapter 8 of title 5, United States Code, of the rule submitted by the Food and Nutrition Service relating to “Application of Bostock v. Clayton County to Program Discr",passage,2023-10-26T13:51:00
0,neg,2023/s135,-0.04799487653755157,"H.J.Res. 45 (118th): Providing for congressional disapproval under chapter 8 of title 5, United States Code, of the rule submitted by the Department of Education relating to “Waivers and Modifications of Federal Student Loans”.",passage,2023-06-01T12:45:00
0,neg,2024/s168,-0.04781495619343024,"S.J.Res. 57 (118th): A joint resolution providing for congressional disapproval under chapter 8 of title 5, United States Code, of the rule submitted by the Department of the Treasury relating to “Coronavirus State and Local Fiscal Recovery Funds”.",passage,2024-05-15T17:53:00
0,neg,2023/s35,-0.047786513389706534,"H.J.Res. 30 (118th): Providing for congressional disapproval under chapter 8 of title 5, United States Code, of the rule submitted by the Department of Labor relating to “Prudence and Loyalty in Selecting Plan Investments and Exercising Shareholder Right",passage,2023-03-01T16:08:00
0,neg,2023/s283,-0.04777873413970767,S.Amdt. 1121 (Lee) to H.R. 4366: To require congressional review of certain agency rulemaking.,amendment,2023-11-01T15:35:00
1,pos,2024/s14,0.11744074617135754,"On the Nomination PN15: Christopher Koos, of Illinois, to be a Director of the Amtrak Board of Directors for a term of five years",nomination,2024-01-23T11:31:00
1,pos,2024/s141,0.11533480012640442,Motion to Invoke Cloture: Motion to Proceed to H.R. 7888,cloture,2024-04-18T13:02:00
1,pos,2024/s150,0.11342558603766001,H.R. 7888 (118th): Reforming Intelligence and Securing America Act,passage,2024-04-19T23:45:00
1,pos,2023/s3,0.11156419017637403,"On the Nomination PN62: Roger Israel Zakheim, of Maryland, to be a Member of the Board of Directors of the United States Institute of Peace for a term of four years",nomination,2023-01-30T17:30:00
1,pos,2024/s154,0.11050784365791091,"H.R. 815 (118th): Making emergency supplemental appropriations for the fiscal year ending September 30, 2024, and for other purposes.",passage,2024-04-23T21:10:00
1,pos,2024/s152,0.1074790509590167,Motion to Invoke Cloture: Motion to Concur in the House Amdt to the Senate Amdt to H.R. 815,cloture,2024-04-23T14:17:00
1,pos,2024/s13,0.10570060127338696,"Motion to Invoke Cloture: Christopher Koos to be a Director of the Amtrak Board of Directors: Christopher Koos, of Illinois, to be a Director of the Amtrak Board of Directors for a term of five years",cloture,2024-01-22T17:32:00
1,pos,2024/s15,0.10116367395515903,"Motion to Invoke Cloture: Anthony Rosario Coscia to be a Director of the Amtrak Board of Directors: Anthony Rosario Coscia, of New Jersey, to be a Director of the Amtrak Board of Directors for a term of five years",cloture,2024-01-23T12:34:00
1,pos,2023/s240,0.09881663014392979,Motion to Invoke Cloture: Motion to Proceed to H.R. 3935,cloture,2023-09-26T17:34:00
1,pos,2023/s214,0.09792994920990859,"On the Nomination PN645: Philip Nathan Jefferson, of North Carolina, to be Vice Chairman of the Board of Governors of the Federal Reserve System for a term of four years",nomination,2023-09-06T11:35:00
1,pos,2024/s184,0.09734975759719663,"On the Nomination PN1569: Christopher T. Hanson, of Michigan, to be a Member of the Nuclear Regulatory Commission for the term of five years expiring June 30, 2029",nomination,2024-06-04T11:29:00
1,pos,2024/s67,0.09717079811391004,"H.R. 7463 (118th): Extension of Continuing Appropriations and Other Matters Act, 2024",passage,2024-02-29T19:47:00
1,pos,2024/s16,0.09586653772502544,"On the Nomination PN14: Anthony Rosario Coscia, of New Jersey, to be a Director of the Amtrak Board of Directors for a term of five years",nomination,2024-01-23T14:15:00
1,pos,2024/s104,0.09564853886069051,"On the Nomination PN1428: Leon Schydlower, of Texas, to be United States District Judge for the Western District of Texas",nomination,2024-03-22T18:16:00
1,pos,2023/s247,0.09537592315548801,"H.R. 5860 (118th): Continuing Appropriations Act, 2024 and Other Extensions Act",passage,2023-09-30T20:10:00
1,pos,2023/s213,0.09485800840772822,"Motion to Invoke Cloture: Philip Nathan Jefferson to be Vice Chairman of the Board of Governors of the Federal Reserve System: Philip Nathan Jefferson, of North Carolina, to be Vice Chairman of the Board of Governors of the Federal Reserve System for a term of four years",cloture,2023-09-05T17:31:00
1,pos,2023/s234,0.09454076538504258,"Motion to Invoke Cloture: Gen. Charles Q. Brown Jr. for reappointment as Chairman of the Joint Chiefs of Staff and appointment in the U.S. Air Force: to be General: Gen. Charles Q. Brown, Jr., in the Air Force, to be General",cloture,2023-09-20T15:31:00
1,pos,2024/s220,0.09381074900137856,"On the Nomination PN1401: Adam B. Landy, of South Carolina, to be a Judge of the United States Tax Court for a term of fifteen years",nomination,2024-07-29T17:30:00
1,pos,2024/s249,0.09314165202400665,"On the Nomination PN1399: Rose E. Jenkins, of the District of Columbia, to be a Judge of the United States Tax Court for a term of fifteen years",nomination,2024-09-23T17:29:00
1,pos,2024/s114,0.09245369667589416,"H.R. 2882 (118th): Further Consolidated Appropriations Act, 2024",passage,2024-03-23T01:51:00
1,neg,2023/s67,-0.11192815814195199,S.Amdt. 22 (Lee) to S. 316: To provide for the termination of authorizations for use of military force after two years.,amendment,2023-03-23T11:31:00
1,neg,2024/s146,-0.10381526466239102,"S.Amdt. 1820 (Wyden) to H.R. 7888: To strike section 25, relating to definition of electronic communication service provider.",amendment,2024-04-19T22:27:00
1,neg,2024/s148,-0.10102169354766394,S.Amdt. 1841 (Durbin) to H.R. 7888: To prohibit warrantless access to the communications and other information of United States persons.,amendment,2024-04-19T23:03:00
1,neg,2024/s147,-0.09670615209780575,"S.Amdt. 1828 (Paul) to H.R. 7888: To prohibit the use of authorities under the Foreign Intelligence Surveillance Act of 1978 to surveil United States persons, to prohibit queries under such Act using search terms associated with United States persons, an",amendment,2024-04-19T22:48:00
1,neg,2024/s149,-0.09666005925319107,S.Amdt. 1840 (Lee) to H.R. 7888: To appropriately address the use of amici curiae in Foreign Intelligence Surveillance Court proceedings and to require adequate disclosure of relevant information in Foreign Intelligence Surveillance Act of 1978 applicati,amendment,2024-04-19T23:23:00
1,neg,2023/s191,-0.09126657676461994,S.Amdt. 222 (Paul) to S. 2226: To express the sense of Congress that Article 5 of the North Atlantic Treaty does not supersede the constitutional requirement that Congress declare war before the United States engages in war.,amendment,2023-07-19T16:33:00
1,neg,2023/s195,-0.09101220373449487,S.Amdt. 376 (Lee) to S. 2226: To limit the availability of funds for the support of Ukraine.,amendment,2023-07-20T15:26:00
1,neg,2024/s144,-0.08786692517027833,S.Amdt. 1829 (Paul) to H.R. 7888: To append the Fourth Amendment Is Not For Sale Act.,amendment,2024-04-19T21:36:00
1,neg,2023/s201,-0.08674378837592472,"S.Amdt. 438 (Paul) to S. 2226: To provide for the independent and objective conduct and supervision of audits and investigations relating to the programs and operations funded with amounts appropriated or otherwise made available to Ukraine for military,",amendment,2023-07-26T21:36:00
1,neg,2023/s76,-0.07724170075852663,On the Amendment S. 316,amendment,2023-03-28T18:14:00
1,neg,2024/s145,-0.07534337061883684,S.Amdt. 1834 (Marshall) to H.R. 7888: To strike the prohibition on political appointees being involved in the approval of queries by the Federal Bureau of Investigation.,amendment,2024-04-19T22:07:00
1,neg,2024/s333,-0.06836651737604514,S.Amdt. 3346 (Paul) to H.R. 82: To adjust the normal and early retirement ages for Social Security benefits and increase the maximum age for delayed retirement credits.,amendment,2024-12-20T22:27:00
1,neg,2023/s65,-0.06580721417869574,S.Amdt. 2 (Paul) to S. 316: To repeal the 2001 Authorization for Use of Military Force.,amendment,2023-03-22T17:51:00
1,neg,2023/s140,-0.06069014843264936,S.Amdt. 93 (Hawley) to H.R. 3746: To require the imposition of additional duties with respect to articles imported from the People's Republic of China until trade between the United States and the People's Republic of China comes into balance.,amendment,2023-06-01T21:05:00
1,neg,2023/s203,-0.05488869254265458,S.Amdt. 1030 (Sanders) to S. 2226: To reduce military spending.,amendment,2023-07-27T13:03:00
1,neg,2023/s145,-0.05466458067309002,S.Amdt. 101 (Kaine) to H.R. 3746: To strike a provision relating to expediting completion of the Mountain Valley Pipeline.,amendment,2023-06-01T22:18:00
1,neg,2023/s281,-0.05315676180353655,S.Amdt. 1347 (Paul) to H.R. 4366: To reduce the amounts appropriated in divisions B and C and to rescind amounts appropriated to the Internal Revenue Service.,amendment,2023-11-01T12:43:00
1,neg,2023/s311,-0.05289889605576065,"S.Amdt. 1366 (Paul) to H.R. 6363: To reduce continuing funding by 15 percent, except for the Department of Defense, military construction, and the Department of Veterans Affairs and to rescind $30,000,000,000 from enforcement funds provided to the Intern",amendment,2023-11-15T22:10:00
1,neg,2023/s207,-0.05197511991379287,"S.Amdt. 1058 (Hawley) to S. 2226: To extend the period for filing claims under the Radiation Exposure Compensation Act and to provide for compensation under such Act for claims relating to Manhattan Project waste, and to improve compensation for workers ",amendment,2023-07-27T16:43:00
1,neg,2023/s136,-0.05100923821938302,S.Amdt. 107 (Paul) to H.R. 3746: In the nature of a substitute.,amendment,2023-06-01T19:30:00
2,pos,2023/s94,0.1587387062334773,"S. 870 (118th): An act to authorize appropriations for the United States Fire Administration and firefighter assistance grant programs, to advance the benefits of nuclear energy, and for other purposes.",passage,2023-04-20T13:50:00
2,pos,2023/s237,0.15219554468713814,"On the Nomination PN537: Gen. Randy A. George, in the Army, to be General",nomination,2023-09-21T11:45:00
2,pos,2023/s236,0.14476949599406472,"Motion to Invoke Cloture: Gen. Randy A. George for appointment as Chief of Staff of the Army and appointment in the U.S. Army to be General: Gen. Randy A. George, in the Army, to be General",cloture,2023-09-20T19:22:00
2,pos,2023/s208,0.1418508104597925,S.Amdt. 638 (Menendez) to S. 2226: To reauthorize the Firefighter Cancer Registry Act of 2018.,amendment,2023-07-27T17:10:00
2,pos,2023/s196,0.1254279617153958,S.Amdt. 931 (Cornyn) to S. 2226: To provide for an investment screening mechanism relating to covered sectors.,amendment,2023-07-25T17:34:00
2,pos,2024/s219,0.12095634639659515,Motion to Invoke Cloture on the Motion to Concur in the House Amendment to S. 2073 with an Amendment,cloture,2024-07-25T14:22:00
2,pos,2023/s212,0.11961581899232578,S. 2226 (118th): National Defense Authorization Act for Fiscal Year 2024,passage,2023-07-27T19:57:00
2,pos,2024/s221,0.11522379888480264,S. 2073 (118th): Kids Online Safety and Privacy Act,passage,2024-07-30T11:47:00
2,pos,2024/s325,0.10992925390570367,"H.R. 5009 (118th): To authorize appropriations for fiscal year 2025 for military activities of the Department of Defense, for military construction, and for defense activities of the Department of Energy, to prescribe military personnel strengths for suc",passage,2024-12-18T12:06:00
2,pos,2023/s206,0.10991551455155771,S.Amdt. 1065 (Gillibrand) to S. 2226: To amend title XXXIII of the Public Health Service Act with respect to funding for the World Trade Center Health Program.,amendment,2023-07-27T16:05:00
2,pos,2024/s327,0.10988226884811159,S. 4367 (118th): Thomas R. Carper Water Resources Development Act of 2024,passage,2024-12-18T18:40:00
2,pos,2023/s343,0.10667714386472925,H.R. 2670 (118th): National Defense Authorization Act for Fiscal Year 2024,passage,2023-12-13T18:46:00
2,pos,2023/s238,0.10621928673164775,"Motion to Invoke Cloture: Gen. Eric M. Smith for appointment as Commandant of the Marine Corps and appointment in the U.S. Marine Corps: to be General: Gen. Eric M. Smith, in the Marine Corps, to be General",cloture,2023-09-21T12:38:00
2,pos,2023/s239,0.10621928673164775,"On the Nomination PN691: Gen. Eric M. Smith, in the Marine Corps, to be General",nomination,2023-09-21T13:42:00
2,pos,2024/s17,0.1051460789056524,"On the Nomination PN13: Joel Matthew Szabat, of Maryland, to be a Director of the Amtrak Board of Directors for a term of five years",nomination,2024-01-23T14:57:00
2,pos,2024/s324,0.0977812033157266,Motion to Invoke Cloture: Motion to Concur in the House Amendment to the Senate Amendment to H.R. 5009,cloture,2024-12-16T17:23:00
2,pos,2023/s3,0.09761867037913922,"On the Nomination PN62: Roger Israel Zakheim, of Maryland, to be a Member of the Board of Directors of the United States Institute of Peace for a term of four years",nomination,2023-01-30T17:30:00
2,pos,2023/s4,0.0957747482627884,"S.Res. 21 (118th): A resolution supporting the observation of National Trafficking and Modern Slavery Prevention Month during the period beginning on January 1, 2023, and ending on February 1, 2023, to raise awareness of, and opposition to, human traffic",passage,2023-02-01T15:29:00
2,pos,2023/s341,0.09093332701267481,Motion to Invoke Cloture: Conference Report to Accompany H.R. 2670,cloture,2023-12-12T17:40:00
2,pos,2023/s211,0.09008306287045557,S.Amdt. 1087 (Reed) to S. 2226: To provide for a manager's amendment.,amendment,2023-07-27T19:31:00
2,neg,2024/s333,-0.12233933451580542,S.Amdt. 3346 (Paul) to H.R. 82: To adjust the normal and early retirement ages for Social Security benefits and increase the maximum age for delayed retirement credits.,amendment,2024-12-20T22:27:00
2,neg,2023/s65,-0.10944615038524784,S.Amdt. 2 (Paul) to S. 316: To repeal the 2001 Authorization for Use of Military Force.,amendment,2023-03-22T17:51:00
2,neg,2023/s255,-0.08960808925442278,"On the Nomination PN812: Jennifer L. Hall, of Pennsylvania, to be United States District Judge for the District of Delaware",nomination,2023-10-17T11:33:00
2,neg,2024/s115,-0.08886475070856464,"Motion to Invoke Cloture: Susan M. Bazis to be U.S. District Judge for the District of Nebraska: Susan M. Bazis, of Nebraska, to be United States District Judge for the District of Nebraska",cloture,2024-04-08T17:24:00
2,neg,2023/s254,-0.08678820514322899,"Motion to Invoke Cloture: Jennifer L. Hill to be U.S. District Judge for the District of Delaware: Jennifer L. Hall, of Pennsylvania, to be United States District Judge for the District of Delaware",cloture,2023-10-16T17:31:00
2,neg,2024/s116,-0.0791003594761309,"On the Nomination PN1291: Susan M. Bazis, of Nebraska, to be United States District Judge for the District of Nebraska",nomination,2024-04-09T11:32:00
2,neg,2023/s248,-0.0743288458254156,"Motion to Invoke Cloture: James C. O'Brien to be Assistant Secretary of State (European and Eurasian Affairs): James C. O'Brien, of Nebraska, to be an Assistant Secretary of State (European and Eurasian Affairs)",cloture,2023-10-03T17:27:00
2,neg,2023/s104,-0.0732611133665303,"On the Nomination PN97: Michael Farbiarz, of New Jersey, to be United States District Judge for the District of New Jersey",nomination,2023-05-02T14:38:00
2,neg,2024/s145,-0.07157365879146478,S.Amdt. 1834 (Marshall) to H.R. 7888: To strike the prohibition on political appointees being involved in the approval of queries by the Federal Bureau of Investigation.,amendment,2024-04-19T22:07:00
2,neg,2023/s45,-0.07094098384989812,"On the Nomination PN179: Arun Subramanian, of New York, to be United States District Judge for the Southern District of New York",nomination,2023-03-07T16:33:00
2,neg,2023/s44,-0.06850987907482063,"Motion to Invoke Cloture: Arun Subramanian to be U.S. District Judge for the Southern District of New York: Arun Subramanian, of New York, to be United States District Judge for the Southern District of New York",cloture,2023-03-07T14:53:00
2,neg,2023/s249,-0.06822652332771371,"On the Nomination PN676: James C. O'Brien, of Nebraska, to be an Assistant Secretary of State (European and Eurasian Affairs)",nomination,2023-10-04T11:45:00
2,neg,2024/s58,-0.0666881620864668,"On the Nomination PN1243: Melissa Damian, of Florida, to be United States District Judge for the Southern District of Florida",nomination,2024-02-28T17:33:00
2,neg,2024/s57,-0.06548171707487971,"Motion to Invoke Cloture: Melissa Damian to be U.S. District Judge for the Southern District of Florida: Melissa Damian, of Florida, to be United States District Judge for the Southern District of Florida",cloture,2024-02-28T15:05:00
2,neg,2024/s144,-0.06490770744890824,S.Amdt. 1829 (Paul) to H.R. 7888: To append the Fourth Amendment Is Not For Sale Act.,amendment,2024-04-19T21:36:00
2,neg,2024/s102,-0.06446072007536138,"On the Nomination PN1427: Ernest Gonzalez, of Texas, to be United States District Judge for the Western District of Texas",nomination,2024-03-22T11:50:00
2,neg,2023/s1,-0.06379123326171439,"On the Nomination PN1: Brendan Owens, of Virginia, to be an Assistant Secretary of Defense",nomination,2023-01-23T17:26:00
2,neg,2023/s41,-0.0631465331190674,"On the Nomination PN166: Robert Stewart Ballou, of Virginia, to be United States District Judge for the Western District of Virginia",nomination,2023-03-07T11:32:00
2,neg,2023/s203,-0.06303419445078495,S.Amdt. 1030 (Sanders) to S. 2226: To reduce military spending.,amendment,2023-07-27T13:03:00
2,neg,2024/s25,-0.060357705298011134,"On the Nomination PN1246: Joshua Paul Kolar, of Indiana, to be United States Circuit Judge for the Seventh Circuit",nomination,2024-01-30T17:24:00
